22	36678706	0.001047	NM_002473.4:utr-3               	1158107
22	36678719	0.000349	NM_002473.4:missense            	1158110
22	36678782	0.000581	NM_002473.4:missense            	1158111
22	36678779	0.002907	NM_002473.4:missense            	1158112
22	36678809	0.000233	NM_002473.4:missense            	1158113
22	36678816	0.000582	NM_002473.4:coding-synonymous   	1158115
22	36678828	0.000116	NM_002473.4:coding-synonymous   	1158117
22	36678827	0.000116	NM_002473.4:missense            	1158118
22	36678844	0.000117	NM_002473.4:intron              	1158119
22	36678834	0.000364	NM_002473.4:intron              	1158120
22	36680105	0.000233	NM_002473.4:intron              	1158122
22	36680187	0.000233	NM_002473.4:missense            	1158123
22	36680183	0.000116	NM_002473.4:coding-synonymous   	1158124
22	36680195	0.000116	NM_002473.4:coding-synonymous   	1158125
22	36680191	0.000116	NM_002473.4:missense            	1158126
22	36680275	0.000116	NM_002473.4:missense            	1158127
22	36680315	0.000116	NM_002473.4:intron              	1158129
22	36680308	0.000116	NM_002473.4:missense            	1158130
22	36680335	0.000233	NM_002473.4:intron              	1158131
22	36680360	0.000116	NM_002473.4:intron              	1158133
22	36680496	0.000116	NM_002473.4:coding-synonymous   	1158135
22	36680420	0.000116	NM_002473.4:intron              	1158136
22	36681148	0.000233	NM_002473.4:intron              	1158137
22	36680587	0.000121	NM_002473.4:intron              	1158138
22	36681156	0.000116	NM_002473.4:intron              	1158139
22	36681180	0.000116	NM_002473.4:missense            	1158141
22	36681163	0.021977	NM_002473.4:intron              	1158142
22	36681226	0.000116	NM_002473.4:coding-synonymous   	1158143
22	36681194	0.000349	NM_002473.4:missense            	1158144
22	36681272	0.000349	NM_002473.4:missense            	1158145
22	36681327	0.001977	NM_002473.4:missense            	1158148
22	36681380	0.000242	NM_002473.4:intron              	1158149
22	36681358	0.000116	NM_002473.4:coding-synonymous   	1158150
22	36681385	0.000242	NM_002473.4:intron              	1158152
22	36681666	0.000116	NM_002473.4:intron              	1158153
22	36681660	0.000349	NM_002473.4:intron              	1158154
22	36681731	0.000233	NM_002473.4:coding-synonymous   	1158156
22	36681797	0.000116	NM_002473.4:coding-synonymous   	1158157
22	36681802	0.000116	NM_002473.4:missense            	1158159
22	36681841	0.000465	NM_002473.4:intron              	1158161
22	36681918	0.002907	NM_002473.4:missense            	1158163
22	36681852	0.000606	NM_002473.4:intron              	1158164
22	36681931	0.000116	NM_002473.4:coding-synonymous   	1158165
22	36681919	0.000349	NM_002473.4:coding-synonymous   	1158166
22	36681972	0.000116	NM_002473.4:missense            	1158167
22	36681937	0.000116	NM_002473.4:coding-synonymous   	1158168
22	36681981	0.000116	NM_002473.4:missense            	1158169
22	36682724	0.000233	NM_002473.4:intron              	1158171
22	36681995	0.000606	NM_002473.4:frameshift          	1158172
22	36682754	0.000116	NM_002473.4:intron              	1158173
22	36682734	0.000349	NM_002473.4:intron              	1158174
22	36682799	0.00093 	NM_002473.4:missense            	1158175
22	36682852	0.000116	NM_002473.4:missense            	1158179
22	36682868	0.000116	NM_002473.4:missense            	1158181
22	36682853	0.000116	NM_002473.4:missense            	1158182
22	36682873	0.001395	NM_002473.4:missense            	1158183
22	36682869	0.000116	NM_002473.4:coding-synonymous   	1158184
22	36684247	0.000116	NM_002473.4:intron              	1158185
22	36682919	0.000116	NM_002473.4:intron              	1158186
22	36684258	0.000116	NM_002473.4:intron              	1158187
22	36684256	0.000116	NM_002473.4:intron              	1158188
22	36684285	0.000116	NM_002473.4:intron              	1158189
22	36684280	0.000116	NM_002473.4:intron              	1158190
22	36684331	0.035   	NM_002473.4:coding-synonymous   	1158191
22	36684328	0.000581	NM_002473.4:coding-synonymous   	1158192
22	36684352	0.001047	NM_002473.4:coding-synonymous   	1158193
22	36684334	0.000116	NM_002473.4:coding-synonymous   	1158194
22	36684358	0.198023	NM_002473.4:coding-synonymous   	1158195
22	36684354	0.19814 	NM_002473.4:missense            	1158196
22	36684412	0.000465	NM_002473.4:coding-synonymous   	1158200
22	36684722	0.000233	NM_002473.4:intron              	1158201
22	36684430	0.000116	NM_002473.4:coding-synonymous   	1158202
22	36684816	0.001744	NM_002473.4:missense            	1158203
22	36684873	0.000116	NM_002473.4:missense            	1158205
22	36684890	0.000116	NM_002473.4:coding-synonymous   	1158207
22	36684961	0.000116	NM_002473.4:missense            	1158209
22	36684926	0.000116	NM_002473.4:coding-synonymous   	1158210
22	36684996	0.000116	NM_002473.4:intron              	1158211
22	36684980	0.012674	NM_002473.4:coding-synonymous   	1158212
22	36685080	0.001628	NM_002473.4:intron              	1158213
22	36685087	0.001047	NM_002473.4:intron              	1158215
22	36685084	0.000116	NM_002473.4:intron              	1158216
22	36685091	0.000116	NM_002473.4:intron              	1158217
22	36685110	0.000233	NM_002473.4:intron              	1158219
22	36685176	0.000116	NM_002473.4:coding-synonymous   	1158224
22	36685209	0.000116	NM_002473.4:coding-synonymous   	1158225
22	36685241	0.000233	NM_002473.4:missense            	1158227
22	36685329	0.000581	NM_002473.4:coding-synonymous   	1158229
22	36685292	0.004651	NM_002473.4:missense            	1158230
22	36685354	0.000233	NM_002473.4:intron              	1158231
22	36685335	0.000116	NM_002473.4:coding-synonymous   	1158232
22	36688041	0.000121	NM_002473.4:coding              	1158233
22	36688022	0.001047	NM_002473.4:intron              	1158234
22	36688068	0.000233	NM_002473.4:coding-synonymous   	1158236
22	36688151	0.000698	NM_002473.4:missense            	1158239
22	36688128	0.000116	NM_002473.4:coding-synonymous   	1158240
22	36688175	0.000116	NM_002473.4:missense            	1158241
22	36688158	0.000116	NM_002473.4:coding-synonymous   	1158242
22	36688271	0.000116	NM_002473.4:missense            	1158243
22	36688178	0.002209	NM_002473.4:missense            	1158244
22	36689333	0.000116	NM_002473.4:intron              	1158247
22	36688332	0.000218	NM_002473.4:intron              	1158248
22	36689390	0.000116	NM_002473.4:coding-synonymous   	1158249
22	36689355	0.000581	NM_002473.4:intron              	1158250
22	36689420	0.000116	NM_002473.4:missense            	1158251
22	36689778	0.000233	NM_002473.4:intron              	1158257
22	36689553	0.000116	NM_002473.4:intron              	1158258
22	36689836	0.000116	NM_002473.4:missense            	1158259
22	36689833	0.000116	NM_002473.4:missense            	1158260
22	36689909	0.000116	NM_002473.4:missense-near-splice	1158261
22	36689895	0.000116	NM_002473.4:coding-synonymous   	1158262
22	36689921	0.001396	NM_002473.4:intron              	1158263
22	36689917	0.000233	NM_002473.4:intron              	1158264
22	36690094	0.000233	NM_002473.4:intron              	1158265
22	36690110	0.000116	NM_002473.4:intron              	1158267
22	36690101	0.000349	NM_002473.4:intron              	1158268
22	36690113	0.318911	NM_002473.4:intron              	1158269
22	36690158	0.000233	NM_002473.4:missense            	1158271
22	36690120	0.011863	NM_002473.4:intron              	1158272
22	36690269	0.000116	NM_002473.4:coding-synonymous   	1158275
22	36690298	0.000116	NM_002473.4:missense            	1158277
22	36690389	0.000116	NM_002473.4:intron              	1158283
22	36690360	0.000116	NM_002473.4:intron              	1158284
22	36690952	0.000116	NM_002473.4:intron              	1158285
22	36690933	0.000116	NM_002473.4:intron              	1158286
22	36690979	0.000116	NM_002473.4:missense-near-splice	1158287
22	36690956	0.000116	NM_002473.4:intron              	1158288
22	36691154	0.000116	NM_002473.4:intron              	1158289
22	36691153	0.004767	NM_002473.4:intron              	1158290
22	36691502	0.00093 	NM_002473.4:intron              	1158293
22	36691169	0.000116	NM_002473.4:intron              	1158294
22	36691607	0.029767	NM_002473.4:coding-synonymous   	1158297
22	36691658	0.000116	NM_002473.4:coding-synonymous   	1158299
22	36691639	0.000116	NM_002473.4:missense            	1158300
22	36691696	0.000116	NM_002473.4:missense            	1158301
22	36691691	0.012326	NM_002473.4:coding-synonymous   	1158302
22	36691789	0.000116	NM_002473.4:intron              	1158303
22	36691716	0.000116	NM_002473.4:missense            	1158304
22	36692869	0.000233	NM_002473.4:intron              	1158305
22	36692954	0.000116	NM_002473.4:coding-synonymous   	1158309
22	36692945	0.000581	NM_002473.4:coding-synonymous   	1158310
22	36692971	0.000116	NM_002473.4:missense            	1158313
22	36692969	0.001047	NM_002473.4:coding-synonymous   	1158314
22	36692980	0.000233	NM_002473.4:missense            	1158315
22	36692977	0.000116	NM_002473.4:missense            	1158316
22	36693072	0.000116	NM_002473.4:intron              	1158317
22	36692984	0.000116	NM_002473.4:coding-synonymous   	1158318
22	36694924	0.001512	NM_002473.4:intron              	1158322
22	36695014	0.000116	NM_002473.4:coding-synonymous   	1158323
22	36694954	0.028256	NM_002473.4:intron              	1158324
22	36695053	0.000116	NM_002473.4:coding-synonymous   	1158326
22	36696131	0.000116	NM_002473.4:intron              	1158327
22	36695123	0.028256	NM_002473.4:intron              	1158328
22	36696147	0.000233	NM_002473.4:intron              	1158329
22	36696133	0.000233	NM_002473.4:intron              	1158330
22	36696150	0.000116	NM_002473.4:intron              	1158331
22	36696148	0.000116	NM_002473.4:intron              	1158332
22	36696156	0.000116	NM_002473.4:intron              	1158333
22	36696155	0.000349	NM_002473.4:intron              	1158334
22	36696184	0.000116	NM_002473.4:missense            	1158335
22	36696163	0.000233	NM_002473.4:intron              	1158336
22	36696277	0.001395	NM_002473.4:missense            	1158337
22	36696236	0.000116	NM_002473.4:coding-synonymous   	1158338
22	36696862	0.00035 	NM_002473.4:intron              	1158339
22	36696869	0.000116	NM_002473.4:intron              	1158341
22	36696927	0.000116	NM_002473.4:coding-synonymous   	1158343
22	36696920	0.000116	NM_002473.4:missense            	1158344
22	36697022	0.000116	NM_002473.4:missense            	1158348
22	36697100	0.000116	NM_002473.4:missense            	1158349
22	36697109	0.000121	NM_002473.4:intron              	1158352
22	36697620	0.000116	NM_002473.4:missense            	1158353
22	36697549	0.001163	NM_002473.4:intron              	1158354
22	36697646	0.000116	NM_002473.4:coding-synonymous   	1158355
22	36697628	0.000233	NM_002473.4:missense            	1158356
22	36697694	0.000581	NM_002473.4:coding-synonymous   	1158357
22	36697683	0.000116	NM_002473.4:missense            	1158358
22	36697725	0.000698	NM_002473.4:intron              	1158359
22	36697725	0.000121	NM_002473.4:intron              	1158360
22	36697729	0.000116	NM_002473.4:intron              	1158361
22	36697726	0.000116	NM_002473.4:intron              	1158362
22	36697737	0.000116	NM_002473.4:intron              	1158364
22	36698575	0.000116	NM_002473.4:intron              	1158368
22	36698665	0.001279	NM_002473.4:coding-synonymous   	1158370
22	36698737	0.000116	NM_002473.4:intron              	1158371
22	36698719	0.000116	NM_002473.4:coding-synonymous   	1158372
22	36698771	0.000116	NM_002473.4:intron              	1158373
22	36698770	0.000116	NM_002473.4:intron              	1158374
22	36700087	0.000116	NM_002473.4:missense            	1158378
22	36700136	0.000116	NM_002473.4:coding-synonymous   	1158380
22	36700212	0.000116	NM_002473.4:intron              	1158381
22	36700175	0.049884	NM_002473.4:coding-synonymous   	1158382
22	36700253	0.0013  	NM_002473.4:intron              	1158386
22	36701040	0.000116	NM_002473.4:intron              	1158388
22	36701092	0.000116	NM_002473.4:missense            	1158389
22	36701087	0.000233	NM_002473.4:missense            	1158390
22	36701181	0.000116	NM_002473.4:intron              	1158391
22	36701125	0.000116	NM_002473.4:missense            	1158392
22	36701931	0.000116	NM_002473.4:intron              	1158394
22	36701937	0.047952	NM_002473.4:intron              	1158396
22	36702050	0.000116	NM_002473.4:coding-synonymous   	1158397
22	36702094	0.000116	NM_002473.4:missense            	1158399
22	36702074	0.000116	NM_002473.4:coding-synonymous   	1158400
22	36702102	0.001395	NM_002473.4:intron              	1158401
22	36702100	0.000116	NM_002473.4:intron              	1158402
22	36702122	0.000116	NM_002473.4:intron              	1158403
22	36702121	0.000116	NM_002473.4:intron              	1158404
22	36702447	0.000121	NM_002473.4:intron              	1158407
22	36702149	0.013432	NM_002473.4:intron              	1158408
22	36702456	0.000116	NM_002473.4:intron              	1158410
22	36702613	0.000116	NM_002473.4:coding-synonymous   	1158411
22	36702623	0.000116	NM_002473.4:missense            	1158414
22	36702676	0.000116	NM_002473.4:intron              	1158415
22	36705285	0.000116	NM_002473.4:intron              	1158417
22	36702690	0.000349	NM_002473.4:intron              	1158418
22	36705300	0.000233	NM_002473.4:intron              	1158419
22	36705286	0.000116	NM_002473.4:intron              	1158420
22	36705447	0.001163	NM_002473.4:intron              	1158423
22	36708063	0.000116	NM_002473.4:intron              	1158427
22	36708079	0.000116	NM_002473.4:intron              	1158429
22	36708100	0.000116	NM_002473.4:coding-synonymous   	1158431
22	36708084	0.087791	NM_002473.4:intron              	1158432
22	36708196	0.000233	NM_002473.4:coding-synonymous   	1158433
22	36708186	0.000116	NM_002473.4:missense            	1158434
22	36708256	0.000116	NM_002473.4:coding-synonymous   	1158436
22	36708311	0.000116	NM_002473.4:intron              	1158437
22	36708288	0.000116	NM_002473.4:intron              	1158438
22	36710207	0.000116	NM_002473.4:missense            	1158439
22	36710183	0.329419	NM_002473.4:intron              	1158440
22	36710240	0.000116	NM_002473.4:missense            	1158441
22	36710225	0.000116	NM_002473.4:missense            	1158442
22	36710371	0.000116	NM_002473.4:intron              	1158448
22	36712531	0.000116	NM_002473.4:intron              	1158450
22	36712682	0.000116	NM_002473.4:coding-synonymous   	1158451
22	36712598	0.000116	NM_002473.4:coding-synonymous   	1158452
22	36712718	0.000116	NM_002473.4:intron              	1158453
22	36712700	0.001047	NM_002473.4:coding-synonymous   	1158454
22	36712732	0.000116	NM_002473.4:intron              	1158458
22	36714267	0.000116	NM_002473.4:coding-synonymous   	1158459
22	36714248	0.000116	NM_002473.4:intron              	1158460
22	36714330	0.000116	NM_002473.4:coding-synonymous   	1158465
22	36714321	0.001163	NM_002473.4:coding-synonymous   	1158466
22	36715547	0.002209	NM_002473.4:intron              	1158467
22	36715566	0.000233	NM_002473.4:intron              	1158470
22	36715576	0.006744	NM_002473.4:intron              	1158472
22	36715636	0.000116	NM_002473.4:missense            	1158473
22	36715610	0.006279	NM_002473.4:coding-synonymous   	1158474
22	36716240	0.000116	NM_002473.4:intron              	1158475
22	36716286	0.000116	NM_002473.4:missense            	1158478
22	36716344	0.000116	NM_002473.4:coding-synonymous   	1158479
22	36716343	0.000116	NM_002473.4:missense            	1158480
22	36716371	0.000116	NM_002473.4:missense            	1158481
22	36716386	0.000233	NM_002473.4:coding-synonymous   	1158484
22	36716420	0.000349	NM_002473.4:intron              	1158488
22	36716432	0.000233	NM_002473.4:intron              	1158490
22	36716815	0.000233	NM_002473.4:intron              	1158492
22	36717773	0.000814	NM_002473.4:intron              	1158493
22	36717828	0.000116	NM_002473.4:coding-synonymous   	1158495
22	36717788	0.000465	NM_002473.4:intron              	1158496
22	36717885	0.000116	NM_002473.4:intron              	1158498
22	36718426	0.000233	NM_002473.4:intron              	1158499
22	36717916	0.000116	NM_002473.4:intron              	1158500
22	36718433	0.000116	NM_002473.4:intron              	1158501
22	36718451	0.000233	NM_002473.4:intron              	1158503
22	36718457	0.000349	NM_002473.4:intron              	1158505
22	36718452	0.000116	NM_002473.4:intron              	1158506
22	36718460	0.002209	NM_002473.4:intron              	1158507
22	36718464	0.000233	NM_002473.4:intron              	1158509
22	36718463	0.002558	NM_002473.4:intron              	1158510
22	36718589	0.000116	NM_002473.4:intron              	1158513
22	36718617	0.000116	NM_002473.4:intron              	1158515
22	36722605	0.000116	NM_002473.4:intron              	1158517
22	36722582	0.000116	NM_002473.4:intron              	1158518
22	36722682	0.000233	NM_002473.4:coding-synonymous   	1158521
22	36722649	0.000116	NM_002473.4:coding-synonymous   	1158522
22	36722730	0.000116	NM_002473.4:intron              	1158523
22	36722710	0.000116	NM_002473.4:intron              	1158524
22	36723438	0.000629	NM_002473.4:intron              	1158525
22	36722731	0.000116	NM_002473.4:intron              	1158526
22	36723485	0.00521 	NM_002473.4:intron              	1158527
22	36723483	0.000116	NM_002473.4:intron              	1158528
22	36723492	0.000116	NM_002473.4:intron              	1158530
22	36723540	0.000116	NM_002473.4:intron              	1158532
22	36723592	0.000314	NM_002473.4:intron              	1158533
22	36723565	0.000233	NM_002473.4:intron              	1158534
22	36737455	0.000116	NM_002473.4:coding-synonymous   	1158536
22	36737530	0.000116	NM_002473.4:coding-synonymous   	1158537
22	36737485	0.000116	NM_002473.4:coding-synonymous   	1158538
22	36737591	0.000116	NM_002473.4:intron              	1158539
22	36745045	0.000116	NM_002473.4:coding-synonymous   	1158543
22	36745089	0.000116	NM_002473.4:missense            	1158545
22	36745049	0.000116	NM_002473.4:missense            	1158546
22	36745146	0.002907	NM_002473.4:missense            	1158547
22	36745178	0.000116	NM_002473.4:missense            	1158549
22	36745150	0.000233	NM_002473.4:coding-synonymous   	1158550
22	36745262	0.000116	NM_002473.4:missense            	1158551
22	36745250	0.000233	NM_002473.4:missense            	1158552
22	36745275	0.003023	NM_002473.4:missense            	1158554
22	36745326	0.000116	NM_002473.4:intron              	1158555
22	36745307	0.002442	NM_002473.4:intron              	1158556
22	36745333	0.000217	NM_002473.4:intron              	1158558
