13	20763045	0.000117	NM_004004.5:missense   	0	0.901523787523	1.41203615347	0.605380477196
13	20763051	0.000117	NM_004004.5:missense   	1	0.901531074626751	1.41204754479528	0.605384852257709
13	20763058	0.000117	NM_004004.5:missense   	0	0.901539576248	1.41206083467	0.605389956497
13	20763104	0.000116	NM_004004.5:missense   	1	0.901595444043439	1.41214816816075	0.605423498637219
13	20763210	0.000233	NM_004004.5:missense   	1	0.901724182877	1.41234941489	0.605500791396
13	20763243	0.000465	NM_004004.5:missense   	1	0.901764261947583	1.41241206717586	0.60552485423631
13	20763246	0.000116	NM_004004.5:missense   	1	0.901767905499	1.41241776284	0.605527041767
13	20763264	0.003372	NM_004004.5:missense   	1	0.901789766810799	1.41245193681124	0.60554016695272
13	20763269	0.000116	NM_004004.5:missense   	0	0.901795839397	1.41246142958	0.605543812838
13	20763305	0.000814	NM_004004.5:missense   	1	0.901839562019935	1.41252977752792	0.605570063208566
13	20763341	0.003023	NM_004004.5:missense   	1	0.901883284642591	1.41259812547428	0.605596313579554
13	20763353	0.000233	NM_004004.5:missense   	1	0.901897858850143	1.41262090812307	0.605605063703217
13	20763361	0.000121	NM_004004.5:coding     	0	0.90190757498851	1.41263609655559	0.605610897118992
13	20763366	0.000349	NM_004004.5:missense   	1	0.901913647574991	1.41264558932592	0.605614543003851
13	20763380	0.00093 	NM_004004.5:missense   	1	0.901930650817135	1.41267216908284	0.605624751481457
13	20763395	0.000242	NM_004004.5:frameshift 	0	0.901948868576575	1.41270064739382	0.605635689136035
13	20763395	0.000116	NM_004004.5:missense   	0	0.901948868576575	1.41270064739382	0.605635689136035
13	20763452	0.000581	NM_004004.5:missense   	1	0.902018096062447	1.41280886497556	0.605677252223433
13	20763472	0.003256	NM_004004.5:missense   	1	0.902042386408367	1.41284683605687	0.60569183576287
13	20763480	0.000116	NM_004004.5:missense   	1	0.902052102546735	1.41286202448939	0.605697669178645
13	20763490	0.000116	NM_004004.5:stop-gained	1	0.902064247719695	1.41288101003005	0.605704960948364
13	20763534	0.000116	NM_004004.5:missense   	1	0.902117686481	1.41296454641	0.605737044735
13	20763552	0.000116	NM_004004.5:stop-gained	1	0.902139547792047	1.41299872038211	0.60575016992062
13	20763554	0.001454	NM_004004.5:frameshift 	0	0.902141976826639	1.41300251749024	0.605751628274564
13	20763602	0.000116	NM_004004.5:missense   	1	0.902200273656847	1.41309364808539	0.605786628769214
13	20763612	0.00186 	NM_004004.5:missense   	1	0.902212418829807	1.41311263362604	0.605793920538933
13	20763620	0.012907	NM_004004.5:missense   	1	0.902222134968175	1.41312782205857	0.605799753954708
13	20763633	0.000116	NM_004004.5:missense   	1	0.902237923693	1.41315250326	0.605809233255
13	20763642	0.002093	NM_004004.5:missense   	1	0.902248854348687	1.41316959024801	0.60581579584809
13	20763686	0.010783	NM_004004.5:frameshift 	0	0.902302293109711	1.41325312662689	0.605847879634852
13	20763744	0.000582	NM_004004.5:splice-3   	0	0.902372735113	1.41336324276	0.605890171899
