22	36678719	0.000349	NM_002473.4:missense            	0	45.1470083773337	56.4839981789713	34.0908443265632
22	36678782	0.000581	NM_002473.4:missense            	0	45.147207978196	56.4843697502508	34.0908714262691
22	36678779	0.002907	NM_002473.4:missense            	0	45.147198473393	56.4843520563803	34.0908701358069
22	36678809	0.000233	NM_002473.4:missense            	0	45.1472935214227	56.4845289950848	34.0908830404287
22	36678827	0.000116	NM_002473.4:missense            	0	45.1473505502	56.4846351583	34.0908907832
22	36680187	0.000233	NM_002473.4:missense            	0	45.1516593942529	56.4926563795792	34.0914757927263
22	36680191	0.000116	NM_002473.4:missense            	0	45.1516720673	56.4926799714	34.0914775133
22	36680275	0.000116	NM_002473.4:missense            	0	45.1519382018	56.4931753998	34.0915136463
22	36680308	0.000116	NM_002473.4:missense            	0	45.1520427546	56.4933700324	34.0915278414
22	36681180	0.000116	NM_002473.4:missense            	0	45.154805484	56.4985130507	34.0919029357
22	36681194	0.000349	NM_002473.4:missense            	0	45.1548498398	56.4985956221	34.0919089579
22	36681272	0.000349	NM_002473.4:missense            	0	45.1550969646599	56.4990556627261	34.0919425098837
22	36681327	0.001977	NM_002473.4:missense            	0	45.1552712193810	56.4993800503511	34.0919661683571
22	36681802	0.000116	NM_002473.4:missense            	0	45.1567761465	56.5021815798	34.0921704915
22	36681918	0.002907	NM_002473.4:missense            	0	45.1571436655658	56.5028657428302	34.0922203894078
22	36681972	0.000116	NM_002473.4:missense            	0	45.157314752	56.5031842325	34.0922436177
22	36681981	0.000116	NM_002473.4:missense            	0	45.1573432664281	56.5032373141097	34.0922474891137
22	36681995	0.000606	NM_002473.4:frameshift          	0	45.1573876222	56.5033198855	34.0922535113
22	36682799	0.00093 	NM_002473.4:missense            	0	45.1599349093708	56.5080618427863	34.0925993551365
22	36682852	0.000116	NM_002473.4:missense            	0	45.1601028276	56.5083744345	34.0926221533
22	36682868	0.000116	NM_002473.4:missense            	0	45.1601535198	56.5084688018	34.0926290358
22	36682853	0.000116	NM_002473.4:missense            	0	45.1601059958243	56.5083803324545	34.0926225834559
22	36682873	0.001395	NM_002473.4:missense            	1	45.1601693611774	56.5084982915908	34.0926311865371
22	36684354	0.19814 	NM_002473.4:missense            	0	45.1648615655762	56.5172331656374	34.0932682447031
22	36684816	0.001744	NM_002473.4:missense            	0	45.1663253052334	56.5199580216871	34.0934669758798
22	36684873	0.000116	NM_002473.4:missense            	0	45.1665058965	56.5202942052	34.0934914947
22	36684961	0.000116	NM_002473.4:missense            	0	45.166784704	56.5208132254	34.0935293482
22	36685241	0.000233	NM_002473.4:missense            	0	45.167671819	56.5224646533	34.0936497914
22	36685292	0.004651	NM_002473.4:missense            	0	45.1678334006377	56.5227654491322	34.0936717292133
22	36688041	0.000121	NM_002473.4:coding              	0	45.1765429684	56.5389789324	34.0948542227
22	36688151	0.000698	NM_002473.4:missense            	0	45.1768914778667	56.5396277076732	34.0949015396769
22	36688175	0.000116	NM_002473.4:missense            	0	45.1769675162904	56.5397692586368	34.0949118633744
22	36688271	0.000116	NM_002473.4:missense            	0	45.17727167	56.5403354625	34.0949531582
22	36688178	0.002209	NM_002473.4:missense            	1	45.1769770210934	56.5397869525072	34.0949131538365
22	36689420	0.000116	NM_002473.4:missense            	0	45.1809120095	56.5471122149	34.0954474052
22	36689836	0.000116	NM_002473.4:missense            	0	45.1822300089	56.5495657649	34.0956263493
22	36689833	0.000116	NM_002473.4:missense            	0	45.1822205040644	56.54954807104	34.0956250588093
22	36689909	0.000116	NM_002473.4:missense-near-splice	0	45.1824612924062	56.5499963157582	34.095657750518
22	36690158	0.000233	NM_002473.4:missense            	0	45.1832501910526	56.5514649070057	34.0957648588795
22	36690298	0.000116	NM_002473.4:missense            	0	45.1836937485	56.552290621	34.0958250804
22	36690979	0.000116	NM_002473.4:missense-near-splice	0	45.1858513388	56.5563071296	34.0961180154
22	36691639	0.000116	NM_002473.4:missense            	0	45.1879423955	56.5601997811	34.096401917
22	36691696	0.000116	NM_002473.4:missense            	1	45.1881229867	56.5605359646	34.0964264358
22	36691716	0.000116	NM_002473.4:missense            	0	45.1881863520610	56.5606539237273	34.0964350389082
22	36692971	0.000116	NM_002473.4:missense            	0	45.1921625279695	56.5680558595331	34.0969748822562
22	36692980	0.000233	NM_002473.4:missense            	0	45.1921910424	56.5681089411	34.0969787536
22	36692977	0.000116	NM_002473.4:missense            	0	45.1921815376	56.5680912473	34.0969774632
22	36696184	0.000116	NM_002473.4:missense            	0	45.2023421719	56.5870059948	34.0983569673
22	36696277	0.001395	NM_002473.4:missense            	0	45.2026368208408	56.5875545047715	34.0983969715855
22	36696920	0.000116	NM_002473.4:missense            	0	45.2046740169	56.591346891	34.0986735606
22	36697022	0.000116	NM_002473.4:missense            	0	45.2049971802	56.5919484826	34.0987174364
22	36697100	0.000116	NM_002473.4:missense            	0	45.2052443051	56.5924085232	34.0987509884
22	36697620	0.000116	NM_002473.4:missense            	0	45.206891804303	56.5954754607773	34.0989746684909
22	36697628	0.000233	NM_002473.4:missense            	0	45.2069171504	56.5955226444	34.0989781097
22	36697683	0.000116	NM_002473.4:missense            	0	45.2070914051653	56.5958470320568	34.0990017681968
22	36700087	0.000116	NM_002473.4:missense            	0	45.2147079206108	56.6100257202459	34.1000358585621
22	36701092	0.000116	NM_002473.4:missense            	0	45.2178920296	56.6159531668	34.1004681634
22	36701087	0.000233	NM_002473.4:missense            	0	45.2178761882670	56.6159236770633	34.1004660126242
22	36701125	0.000116	NM_002473.4:missense            	0	45.2179965824	56.6161477994	34.1004823585
22	36702094	0.000116	NM_002473.4:missense            	0	45.2210666337967	56.6218629195785	34.1008991777647
22	36702623	0.000116	NM_002473.4:missense            	0	45.2227426474	56.6249829387	34.1011267293
22	36708186	0.000116	NM_002473.4:missense            	0	45.2403677204	56.6577932725	34.1035196763
22	36710207	0.000116	NM_002473.4:missense            	0	45.2467707893	56.6697130432	34.1043890177
22	36710240	0.000116	NM_002473.4:missense            	0	45.2468753421	56.6699076758	34.1044032128
22	36710225	0.000116	NM_002473.4:missense            	0	45.2468278181	56.6698192065	34.1043967604
22	36715636	0.000116	NM_002473.4:missense            	0	45.2639713144	56.7017330508	34.1067243241
22	36716286	0.000116	NM_002473.4:missense            	0	45.2660306883731	56.7055667227313	34.107003924214
22	36716343	0.000116	NM_002473.4:missense            	0	45.2662112796	56.7059029063	34.107028443
22	36716371	0.000116	NM_002473.4:missense            	0	45.2662999911	56.7060680491	34.1070404873
22	36745089	0.000116	NM_002473.4:missense            	0	45.3614588946	56.8768175627	34.1228646079
22	36745049	0.000116	NM_002473.4:missense            	0	45.3613260524941	56.876579634888	34.1228423179744
22	36745146	0.002907	NM_002473.4:missense            	0	45.3616481946897	56.877156609738	34.1228963710752
22	36745178	0.000116	NM_002473.4:missense            	0	45.3617544684	56.877346952	34.122914203
22	36745262	0.000116	NM_002473.4:missense            	0	45.3620334369	56.8778466003	34.1229610119
22	36745250	0.000233	NM_002473.4:missense            	0	45.3619935843	56.8777752219	34.1229543249
22	36745275	0.003023	NM_002473.4:missense            	0	45.3620766105993	56.8779239268066	34.1229682561267
