13	20763045	0.000117	NM_004004.5:missense   	302791
13	20763051	0.000117	NM_004004.5:missense   	302792
13	20763058	0.000117	NM_004004.5:missense   	302793
13	20763104	0.000116	NM_004004.5:missense   	302796
13	20763210	0.000233	NM_004004.5:missense   	302797
13	20763243	0.000465	NM_004004.5:missense   	302799
13	20763246	0.000116	NM_004004.5:missense   	302800
13	20763264	0.003372	NM_004004.5:missense   	302802
13	20763269	0.000116	NM_004004.5:missense   	302803
13	20763305	0.000814	NM_004004.5:missense   	302806
13	20763341	0.003023	NM_004004.5:missense   	302807
13	20763353	0.000233	NM_004004.5:missense   	302808
13	20763361	0.000121	NM_004004.5:coding     	302809
13	20763366	0.000349	NM_004004.5:missense   	302810
13	20763380	0.00093 	NM_004004.5:missense   	302811
13	20763395	0.000242	NM_004004.5:frameshift 	302812
13	20763395	0.000116	NM_004004.5:missense   	302813
13	20763452	0.000581	NM_004004.5:missense   	302815
13	20763472	0.003256	NM_004004.5:missense   	302818
13	20763480	0.000116	NM_004004.5:missense   	302819
13	20763490	0.000116	NM_004004.5:stop-gained	302821
13	20763534	0.000116	NM_004004.5:missense   	302823
13	20763552	0.000116	NM_004004.5:stop-gained	302825
13	20763554	0.001454	NM_004004.5:frameshift 	302826
13	20763602	0.000116	NM_004004.5:missense   	302827
13	20763612	0.00186 	NM_004004.5:missense   	302829
13	20763620	0.012907	NM_004004.5:missense   	302831
13	20763633	0.000116	NM_004004.5:missense   	302833
13	20763642	0.002093	NM_004004.5:missense   	302834
13	20763686	0.010783	NM_004004.5:frameshift 	302835
13	20763744	0.000582	NM_004004.5:splice-3   	302842
