11	76841633	0.00012 	NM_001127180.1:splice-3,NM_001127179.2:splice-3,NM_000260.3:splice-3         	0	87.1288620104	109.631981565	65.5534459477
11	76853783	0.342275	NM_001127180.1:missense,NM_001127179.2:missense,NM_000260.3:missense         	0	87.1427087647162	109.656045248412	65.5577829782386
11	76853790	0.000119	NM_001127180.1:missense,NM_001127179.2:missense,NM_000260.3:missense         	0	87.1427167423	109.656059112	65.5577854769
11	76853833	0.000118	NM_001127180.1:missense,NM_001127179.2:missense,NM_000260.3:missense         	0	87.1427657472	109.656144276	65.5578008261
11	76858860	0.000118	NM_001127180.1:missense,NM_001127179.2:missense,NM_000260.3:missense         	0	87.1484947706	109.666100501	65.5595952502
11	76858863	0.000118	NM_001127180.1:missense,NM_001127179.2:missense,NM_000260.3:missense         	0	87.1484981896	109.666106443	65.5595963211
11	76858950	0.000241	NM_001127180.1:missense,NM_001127179.2:missense,NM_000260.3:missense         	0	87.1485973392	109.666278751	65.5596273763
11	76867026	0.000236	NM_001127180.1:missense,NM_001127179.2:missense,NM_000260.3:missense         	0	87.1578011571	109.682273673	65.5625101631
11	76867047	0.000237	NM_001127180.1:missense,NM_001127179.2:missense,NM_000260.3:missense         	0	87.1578250898011	109.682315264368	65.5625176591582
11	76867058	0.00149 	NM_001127180.1:frameshift,NM_001127179.2:frameshift,NM_000260.3:frameshift   	0	87.157837626	109.68233705	65.5625215857
11	76867062	0.000119	NM_001127180.1:missense,NM_001127179.2:missense,NM_000260.3:missense         	0	87.1578421846	109.682344973	65.5625230135
11	76867064	0.000356	NM_001127180.1:missense,NM_001127179.2:missense,NM_000260.3:missense         	0	87.1578444638607	109.682348933719	65.5625237274314
11	76867076	0.000119	NM_001127180.1:missense,NM_001127179.2:missense,NM_000260.3:missense         	0	87.1578581397	109.6823727	65.5625280109
11	76867116	0.000358	NM_001127180.1:missense,NM_001127179.2:missense,NM_000260.3:missense         	0	87.1579037257	109.682451922	65.5625422892
11	76867967	0.000119	NM_001127180.1:missense,NM_001127179.2:missense,NM_000260.3:missense         	1	87.1588735683	109.68413737	65.5628460598
11	76867991	0.000119	NM_001127180.1:missense,NM_001127179.2:missense,NM_000260.3:missense         	0	87.1589009199	109.684184904	65.5628546268
11	76868003	0.00012 	NM_001127180.1:missense,NM_001127179.2:missense,NM_000260.3:missense         	0	87.1589145957	109.68420867	65.5628589103
11	76868045	0.00012 	NM_001127180.1:missense,NM_001127179.2:missense,NM_000260.3:missense         	0	87.1589624611	109.684291853	65.5628739025
11	76868046	0.000961	NM_001127180.1:missense,NM_001127179.2:missense,NM_000260.3:missense         	0	87.1589636007149	109.684293833874	65.5628742594476
11	76868392	0.001569	NM_001127180.1:missense,NM_001127179.2:missense,NM_000260.3:missense         	1	87.1593579198	109.684979104	65.5629977667
11	76869368	0.000354	NM_001127180.1:missense,NM_001127179.2:missense,NM_000260.3:missense         	0	87.1604702188	109.686912121	65.5633461569
11	76869378	0.002707	NM_001127180.1:missense,NM_001127179.2:missense,NM_000260.3:missense         	1	87.1604816152665	109.686931926550	65.5633497265001
11	76869399	0.000118	NM_001127180.1:missense,NM_001127179.2:missense,NM_000260.3:missense         	0	87.1605055479	109.686973518	65.5633572226
11	76869443	0.000118	NM_001127180.1:missense,NM_001127179.2:missense,NM_000260.3:missense         	0	87.1605556926	109.687060662	65.5633729287
11	76870495	0.000121	NM_001127180.1:missense,NM_001127179.2:missense,NM_000260.3:missense         	0	87.1617546049	109.689144201	65.5637484477
11	76870496	0.001927	NM_001127180.1:missense,NM_001127179.2:missense,NM_000260.3:missense         	1	87.1617557445974	109.689146181514	65.5637488047019
11	76870567	0.000119	NM_001127180.1:missense,NM_001127179.2:missense,NM_000260.3:missense         	0	87.1618366598	109.689286801	65.5637741487
11	76871246	0.000119	NM_001127180.1:missense,NM_001127179.2:missense,NM_000260.3:missense         	0	87.1626104825	109.690631594	65.5640165226
11	76871254	0.000119	NM_001127180.1:missense,NM_001127179.2:missense,NM_000260.3:missense         	0	87.1626195997	109.690647438	65.5640193783
11	76871260	0.000359	NM_001127180.1:missense,NM_001127179.2:missense,NM_000260.3:missense         	0	87.1626264376	109.690659322	65.56402152
11	76871314	0.000119	NM_001127180.1:missense,NM_001127179.2:missense,NM_000260.3:missense         	0	87.1626879788	109.690766271	65.5640407957
11	76872050	0.000239	NM_001127180.1:missense,NM_001127179.2:missense,NM_000260.3:missense         	0	87.1635267616	109.692223956	65.5643035163
11	76872106	0.000239	NM_001127180.1:missense,NM_001127179.2:missense,NM_000260.3:missense         	0	87.163590582	109.692334867	65.5643235059
11	76873180	0.000117	NM_001127180.1:missense,NM_001127179.2:missense,NM_000260.3:missense         	0	87.1648145667	109.694461978	65.564706878
11	76873222	0.000117	NM_001127180.1:missense,NM_001127179.2:missense,NM_000260.3:missense         	0	87.164862432	109.694545161	65.5647218702
11	76873225	0.000117	NM_001127180.1:missense,NM_001127179.2:missense,NM_000260.3:missense         	0	87.1648658509874	109.694551102619	65.564722941028
11	76873950	0.000118	NM_001127180.1:missense,NM_001127179.2:missense,NM_000260.3:missense         	0	87.1656920976	109.695987001	65.564981735
11	76873954	0.000118	NM_001127180.1:missense,NM_001127179.2:missense,NM_000260.3:missense         	0	87.1656966562	109.695994924	65.5649831629
11	76883828	0.000122	NM_001127180.1:missense,NM_001127179.2:missense,NM_000260.3:missense         	0	87.1772959476	109.715500162	65.5681304963
11	76883863	0.000122	NM_001127180.1:missense,NM_001127179.2:missense,NM_000260.3:missense         	0	87.1773372204398	109.715569278767	65.5681414812438
11	76883902	0.000122	NM_001127180.1:missense,NM_001127179.2:missense,NM_000260.3:missense         	0	87.1773832102	109.715646294	65.5681537216
11	76883912	0.000123	NM_001127180.1:missense,NM_001127179.2:missense,NM_000260.3:missense         	0	87.1773950024	109.715666042	65.5681568601
11	76885826	0.00012 	NM_001127180.1:missense,NM_001127179.2:missense,NM_000260.3:missense         	0	87.1796520381	109.719445725	65.568757579
11	76885871	0.00012 	NM_001127180.1:stop-gained,NM_001127179.2:stop-gained,NM_000260.3:stop-gained	1	87.179705103193	109.719534589164	65.5687717025349
11	76885901	0.000359	NM_001127180.1:missense,NM_001127179.2:missense,NM_000260.3:missense         	0	87.1797404799273	109.719593831849	65.5687811181916
11	76885947	0.00012 	NM_001127180.1:missense,NM_001127179.2:missense,NM_000260.3:missense         	0	87.1797947243	109.719684671	65.5687955555
11	76888625	0.000119	NM_001127180.1:missense,NM_001127179.2:missense,NM_000260.3:missense         	0	87.1829526874	109.724973068	65.5696360598
11	76890101	0.00059 	NM_001127180.1:missense,NM_001127179.2:missense,NM_000260.3:missense         	0	87.1846932227	109.727887808	65.5700993101
11	76890116	0.000355	NM_001127180.1:missense,NM_001127179.2:missense,NM_000260.3:missense         	0	87.1847109111	109.727917429	65.570104018
11	76890131	0.000119	NM_001127180.1:stop-gained,NM_001127179.2:stop-gained,NM_000260.3:stop-gained	1	87.1847285995	109.72794705	65.5701087258
11	76890156	0.000119	NM_001127180.1:missense,NM_001127179.2:missense,NM_000260.3:missense         	0	87.1847580801	109.727996419	65.5701165722
11	76890860	0.000625	NM_001127180.1:missense,NM_001127179.2:missense,NM_000260.3:missense         	0	87.185588254117	109.729386647713	65.5703375262506
11	76890865	0.000124	NM_001127180.1:missense,NM_001127179.2:missense,NM_000260.3:missense         	0	87.1855941502	109.729396521	65.5703390955
11	76890889	0.000129	NM_001127180.1:missense,NM_001127179.2:missense,NM_000260.3:missense         	1	87.1856224516	109.729443916	65.5703466281
11	76890902	0.000133	NM_001127180.1:missense,NM_001127179.2:missense,NM_000260.3:missense         	0	87.1856377815	109.729469587	65.5703507082
11	76890919	0.000546	NM_001127180.1:missense,NM_001127179.2:missense,NM_000260.3:missense         	0	87.1856578284	109.729503158	65.5703560437
11	76890940	0.000282	NM_001127180.1:missense,NM_001127179.2:missense,NM_000260.3:missense         	0	87.1856825920754	109.729544628207	65.5703626346685
11	76891450	0.000719	NM_001127180.1:missense,NM_001127179.2:missense,NM_000260.3:missense         	0	87.1862839966	109.730551754	65.5705227008
11	76891451	0.00012 	NM_001127180.1:missense,NM_001127179.2:missense,NM_000260.3:missense         	0	87.186285175784	109.730553728612	65.5705230146883
11	76892429	0.000121	NM_001127180.1:missense,NM_001127179.2:missense,NM_000260.3:missense         	0	87.1874384573	109.73248504	65.5708299651
11	76892462	0.000121	NM_001127180.1:missense,NM_001127179.2:missense,NM_000260.3:missense         	0	87.1874773717	109.732550207	65.5708403223
11	76892529	0.000725	NM_001127180.1:missense,NM_001127179.2:missense,NM_000260.3:missense         	0	87.1875563798	109.732682516	65.5708613506
11	76892561	0.00012 	NM_001127180.1:missense,NM_001127179.2:missense,NM_000260.3:missense         	0	87.187594115	109.732745708	65.570871394
11	76892617	0.00072 	NM_001127180.1:missense,NM_001127179.2:missense,NM_000260.3:missense         	0	87.1876601515	109.732856294	65.5708889699
11	76893494	0.000119	NM_001127180.1:missense,NM_001127179.2:missense,NM_000260.3:missense         	1	87.1886943314	109.734588155	65.5711642209
11	76893517	0.00024 	NM_001127180.1:missense,NM_001127179.2:missense,NM_000260.3:missense         	0	87.1887214536	109.734633575	65.5711714396
11	76893573	0.000119	NM_001127180.1:missense,NM_001127179.2:missense,NM_000260.3:missense         	0	87.1887874901	109.734744161	65.5711890155
11	76893605	0.000119	NM_001127180.1:missense,NM_001127179.2:missense,NM_000260.3:missense         	0	87.1888252253	109.734807353	65.5711990588
11	76893620	0.000119	NM_001127180.1:missense,NM_001127179.2:missense,NM_000260.3:missense         	0	87.1888429137	109.734836975	65.5712037667
11	76893622	0.000119	NM_001127180.1:stop-gained,NM_001127179.2:stop-gained,NM_000260.3:stop-gained	0	87.1888452721	109.734840924	65.5712043944
11	76893643	0.001077	NM_001127180.1:missense,NM_001127179.2:missense,NM_000260.3:missense         	0	87.1888700358	109.734882394	65.5712109853
11	76895661	0.000238	NM_001127180.1:missense,NM_001127179.2:missense,NM_000260.3:missense         	0	87.1912497108	109.738867452	65.5718443452
11	76895684	0.000119	NM_001127180.1:missense,NM_001127179.2:missense,NM_000260.3:missense         	0	87.191276833	109.738912871	65.5718515639
11	76895771	0.397308	NM_001127180.1:intron,NM_001127179.2:frameshift,NM_000260.3:intron           	0	87.1913794255318	109.739084675281	65.5718788692587
11	76895772	0.264362	NM_001127180.1:intron,NM_001127179.2:frameshift,NM_000260.3:intron           	0	87.1913806047563	109.739086650038	65.5718791831139
11	76895777	0.000456	NM_001127180.1:intron,NM_001127179.2:missense,NM_000260.3:intron             	0	87.1913865008787	109.739096523818	65.57188075239
11	76900421	0.000239	NM_001127180.1:missense,NM_000260.3:missense                                 	0	87.1968628194	109.748267291	65.5733382961
11	76901123	0.00012 	NM_001127180.1:missense,NM_000260.3:missense                                 	0	87.1976906349	109.74965357	65.5735586224
11	76901153	0.000238	NM_001127180.1:missense,NM_000260.3:missense                                 	1	87.197726011676	109.749712813007	65.5735680380776
11	76901754	0.001247	NM_001127180.1:frameshift,NM_000260.3:frameshift                             	0	87.1984347256	109.750899641	65.5737566651
11	76901775	0.000119	NM_001127180.1:missense,NM_000260.3:missense                                 	0	87.1984594893	109.750941111	65.573763256
11	76901856	0.000119	NM_001127180.1:missense,NM_000260.3:missense                                 	0	87.1985550065	109.751101067	65.5737886783
11	76903150	0.000119	NM_001127180.1:missense,NM_000260.3:missense                                 	1	87.200080923	109.753656401	65.574194807
11	76903174	0.000119	NM_001127180.1:missense,NM_000260.3:missense                                 	0	87.2001092243	109.753703795	65.5742023395
11	76903189	0.000237	NM_001127180.1:missense,NM_000260.3:missense                                 	1	87.2001269127	109.753733417	65.5742070473
11	76903190	0.000119	NM_001127180.1:missense,NM_000260.3:missense                                 	0	87.2001280919	109.753735391	65.5742073612
11	76903195	0.000119	NM_001127180.1:missense,NM_000260.3:missense                                 	0	87.2001339881	109.753745265	65.5742089304
11	76903299	0.000117	NM_001127180.1:missense,NM_000260.3:missense                                 	0	87.2002566274	109.75395064	65.5742415714
11	76905404	0.00012 	NM_001127180.1:missense,NM_000260.3:missense                                 	0	87.2027388949	109.758107502	65.5749022366
11	76905438	0.00012 	NM_001127180.1:missense,NM_000260.3:missense                                 	0	87.2027789886	109.758174643	65.5749129077
11	76905441	0.00012 	NM_001127180.1:missense,NM_000260.3:missense                                 	0	87.2027825262	109.758180567	65.5749138493
11	76905468	0.000239	NM_001127180.1:missense,NM_000260.3:missense                                 	0	87.2028143653	109.758233886	65.5749223234
11	76905469	0.00012 	NM_001127180.1:missense,NM_000260.3:missense                                 	0	87.2028155445	109.758235861	65.5749226372
11	76905507	0.00024 	NM_001127180.1:missense,NM_000260.3:missense                                 	0	87.2028603551	109.758310901	65.5749345637
11	76905531	0.000121	NM_001127180.1:missense,NM_000260.3:missense                                 	0	87.2028886564	109.758358296	65.5749420963
11	76908589	0.000121	NM_001127180.1:missense,NM_000260.3:missense                                 	0	87.2064947249	109.7643971	65.5759018655
11	76909548	0.00036 	NM_001127180.1:missense,NM_000260.3:missense                                 	1	87.2076256012	109.766290891	65.5762028527
11	76909564	0.000119	NM_001127180.1:missense,NM_000260.3:missense                                 	0	87.2076444688	109.766322487	65.5762078744
11	76909569	0.000119	NM_001127180.1:missense,NM_000260.3:missense                                 	0	87.2076503649	109.766332361	65.5762094436
11	76909585	0.000119	NM_001127180.1:missense,NM_000260.3:missense                                 	0	87.2076692325	109.766363957	65.5762144653
11	76909591	0.000119	NM_001127180.1:missense,NM_000260.3:missense                                 	0	87.2076763078	109.766375806	65.5762163485
11	76910600	0.000314	NM_001127180.1:intron,NM_000260.3:missense                                   	0	87.208866145326	109.768368334578	65.5765330283847
11	76910678	0.000118	NM_001127180.1:intron,NM_000260.3:missense                                   	0	87.2089581248353	109.768522365560	65.5765575090922
11	76910708	0.007009	NM_001127180.1:missense,NM_000260.3:missense                                 	0	87.2089935015697	109.768581608245	65.5765669247489
11	76910746	0.000119	NM_001127180.1:missense,NM_000260.3:missense                                 	0	87.2090383121	109.768656649	65.5765788512
11	76910750	0.000356	NM_001127180.1:missense,NM_000260.3:missense                                 	0	87.209043029	109.768664548	65.5765801067
11	76910759	0.000119	NM_001127180.1:missense,NM_000260.3:missense                                 	0	87.209053642	109.768682321	65.5765829314
11	76910815	0.000121	NM_001127180.1:missense,NM_000260.3:missense                                 	0	87.2091196786	109.768792907	65.5766005073
11	76910816	0.000121	NM_001127180.1:missense,NM_000260.3:missense                                 	0	87.2091208578134	109.768794881912	65.5766008211132
11	76912550	0.000118	NM_001127180.1:missense,NM_000260.3:missense                                 	0	87.2111656331	109.772219109	65.5771450461
11	76912564	0.000118	NM_001127180.1:missense,NM_000260.3:missense                                 	0	87.2111821422	109.772246756	65.57714944
11	76912577	0.000118	NM_001127180.1:missense,NM_000260.3:missense                                 	0	87.2111974721	109.772272428	65.5771535202
11	76912615	0.000118	NM_001127180.1:missense,NM_000260.3:missense                                 	0	87.2112422827	109.772347468	65.5771654467
11	76912636	0.457457	NM_001127180.1:missense,NM_000260.3:missense                                 	0	87.2112670463646	109.772388938148	65.577172037622
11	76912646	0.000118	NM_001127180.1:missense,NM_000260.3:missense                                 	0	87.2112788386	109.772408686	65.5771751762
11	76912663	0.000119	NM_001127180.1:missense,NM_000260.3:missense                                 	0	87.2112988854	109.772442257	65.5771805117
11	76913409	0.000119	NM_001127180.1:missense,NM_000260.3:missense                                 	0	87.2121785869	109.773915425	65.5774146477
11	76913421	0.00012 	NM_001127180.1:missense,NM_000260.3:missense                                 	0	87.2121927376	109.773939122	65.577418414
11	76913457	0.008959	NM_001127180.1:missense,NM_000260.3:missense                                 	0	87.2122351896615	109.774010212966	65.5774297127614
11	76914104	0.087803	NM_001127180.1:splice-3,NM_000260.3:splice-3                                 	0	87.2129981479	109.77528788	65.5776327771
11	76914163	0.003842	NM_001127180.1:missense,NM_000260.3:missense                                 	0	87.2130677221435	109.775404390824	65.57765129455
11	76915143	0.000358	NM_001127180.1:missense,NM_000260.3:missense                                 	0	87.2142233621	109.777339652	65.5779588727
11	76915150	0.000119	NM_001127180.1:missense,NM_000260.3:missense                                 	0	87.2142316167	109.777353475	65.5779610697
11	76915163	0.000119	NM_001127180.1:missense,NM_000260.3:missense                                 	0	87.2142469466	109.777379147	65.5779651498
11	76915168	0.000119	NM_001127180.1:missense,NM_000260.3:missense                                 	0	87.2142528427	109.777389021	65.5779667191
11	76915183	0.000119	NM_001127180.1:missense,NM_000260.3:missense                                 	0	87.2142705311	109.777418642	65.5779714269
11	76916599	0.000237	NM_001127180.1:missense,NM_000260.3:missense                                 	0	87.215940313	109.780214897	65.5784158459
11	76916608	0.000119	NM_001127180.1:missense,NM_000260.3:missense                                 	0	87.215950926	109.78023267	65.5784186706
11	76917146	0.00012 	NM_001127180.1:missense,NM_000260.3:missense                                 	0	87.2165853488	109.781295088	65.5785875247
11	76919478	0.480523	NM_001127180.1:missense,NM_000260.3:missense                                 	0	87.2193353002476	109.785900219887	65.5793194350689
11	76919484	0.002974	NM_001127180.1:missense,NM_000260.3:missense                                 	0	87.2193423755945	109.785912068424	65.5793213182002
11	76919514	0.00012 	NM_001127180.1:missense,NM_000260.3:missense                                 	0	87.2193777523	109.785971311	65.5793307339
11	76919517	0.00012 	NM_001127180.1:stop-gained,NM_000260.3:stop-gained                           	0	87.21938129	109.785977235	65.5793316754
11	76919543	0.000121	NM_001127180.1:missense,NM_000260.3:missense                                 	0	87.2194119498	109.786028579	65.5793398357
11	76919747	0.000119	NM_001127180.1:missense,NM_000260.3:missense                                 	0	87.2196525116	109.786431429	65.5794038621
11	76919816	0.00012 	NM_001127180.1:missense,NM_000260.3:missense                                 	0	87.2197338781	109.786567687	65.5794255181
11	76922236	0.000119	NM_001127180.1:missense,NM_000260.3:missense                                 	0	87.2225876014	109.791346597	65.5801850478
11	76922353	0.00012 	NM_001127180.1:missense,NM_000260.3:missense                                 	0	87.2227255706	109.791577644	65.5802217688
11	76922875	0.000233	NM_001127180.1:missense,NM_000260.3:missense                                 	0	87.2233411258016	109.792608466608	65.580385601267
11	76922954	0.000117	NM_001127180.1:missense,NM_000260.3:missense                                 	0	87.2234342845	109.792764472	65.5804103958
11	76924054	0.000362	NM_001127180.1:missense,NM_000260.3:missense                                 	0	87.2247314315	109.794936704	65.5807556366
11	76924066	0.000241	NM_001127180.1:missense,NM_000260.3:missense                                 	0	87.2247455821557	109.794960401211	65.5807594028395
11	76924068	0.00012 	NM_001127180.1:missense,NM_000260.3:missense                                 	0	87.2247479406	109.794964351	65.5807600305
11	76924933	0.000119	NM_001127180.1:missense,NM_000260.3:missense                                 	0	87.2257679698	109.796672515	65.5810315153
11	76925013	0.000118	NM_001127180.1:missense,NM_000260.3:missense                                 	0	87.2258623077	109.796830495	65.5810566237
11	76925721	0.00012 	NM_001127180.1:missense,NM_000260.3:missense                                 	0	87.2266971987	109.798228623	65.5812788332
11	76925733	0.0006  	NM_001127180.1:missense,NM_000260.3:missense                                 	0	87.2267113493617	109.798252319752	65.581282599499
