7	107302103	0.000127	NM_000441.1:missense            	0	117.666571252047	157.324450823589	79.680337110438
7	107302214	0.000364	NM_000441.1:missense            	0	117.666716622	157.324652045	79.6804195829
7	107303757	0.000116	NM_000441.1:missense            	0	117.668737394595	157.327449208575	79.681566024965
7	107303787	0.000116	NM_000441.1:missense            	0	117.668776683758	157.327503592826	79.6815883148294
7	107312618	0.000116	NM_000441.1:missense            	0	117.679383701	157.342362374	79.6881111617
7	107312627	0.000233	NM_000441.1:missense            	1	117.679393400338	157.342376184496	79.6881177647615
7	107314665	0.000116	NM_000441.1:missense            	0	117.681589829346	157.345503527601	79.6896129813742
7	107314716	0.000116	NM_000441.1:missense            	0	117.681644794	157.345581788	79.6896503985
7	107314725	0.000116	NM_000441.1:missense            	0	117.681654494	157.345595599	79.6896570015
7	107314758	0.000116	NM_000441.1:missense            	1	117.681690058933	157.345646237566	79.6896812125542
7	107314765	0.000116	NM_000441.1:missense            	0	117.681697603	157.345656979	79.6896863482
7	107315415	0.000698	NM_000441.1:missense            	1	117.682398132465	157.346654414415	79.6901632328264
7	107315496	0.001047	NM_000441.1:missense            	1	117.682485429202	157.346778710191	79.6902226599832
7	107323677	0.000116	NM_000441.1:missense            	1	117.691302399622	157.359332583565	79.6962248028235
7	107323719	0.000116	NM_000441.1:missense            	0	117.691347664596	157.359397033227	79.6962556169048
7	107323726	0.000116	NM_000441.1:missense            	0	117.691355208759	157.359407774837	79.696260752585
7	107323730	0.000233	NM_000441.1:missense            	1	117.691359519709	157.359413912900	79.6962636872595
7	107323753	0.000116	NM_000441.1:missense            	0	117.691384307671	157.359449206763	79.6962805616373
7	107323951	0.000465	NM_000441.1:missense            	0	117.691597699694	157.359753040882	79.6964258280207
7	107323982	0.000116	NM_000441.1:missense-near-splice	0	117.691631109556	157.35980061087	79.6964485717474
7	107323983	0.000581	NM_000441.1:splice-5            	1	117.691632187294	157.359802145386	79.696449305416
7	107329499	0.00186 	NM_000441.1:missense-near-splice	1	117.697576987298	157.368266534279	79.7004962214296
7	107329536	0.000233	NM_000441.1:missense            	0	117.697616863585	157.368323311362	79.700523367168
7	107329557	0.000349	NM_000441.1:missense            	1	117.697639496073	157.368355536192	79.7005387742086
7	107330570	0.000349	NM_000441.1:missense-near-splice	1	117.698731244152	157.36991000065	79.7012819805033
7	107330648	0.000349	NM_000441.1:missense            	1	117.698815307676	157.370029692879	79.7013392066544
7	107330653	0.000116	NM_000441.1:missense            	0	117.698820696364	157.370037365458	79.7013428749974
7	107330665	0.000116	NM_000441.1:missense            	1	117.698833629213	157.370055779647	79.7013516790206
7	107330681	0.000116	NM_000441.1:missense-near-splice	1	117.698850873	157.370080332	79.7013634177
7	107334864	0.000121	NM_000441.1:coding              	0	117.703359049	157.376499211	79.7044323535
7	107334918	0.000233	NM_000441.1:missense            	1	117.703417246766	157.376582075144	79.7044719715887
7	107334926	0.000116	NM_000441.1:splice-5            	0	117.703425869	157.376594351	79.7044778409
7	107335132	0.000116	NM_000441.1:missense            	0	117.703647883	157.376910462	79.7046289767
7	107336394	0.000116	NM_000441.1:missense            	1	117.705007987	157.37884702	79.7055548664
7	107336481	0.000116	NM_000441.1:missense            	1	117.705101750465	157.378980523265	79.705618695615
7	107336484	0.000116	NM_000441.1:missense-near-splice	0	117.705104983678	157.378985126813	79.7056208966209
7	107338557	0.000116	NM_000441.1:splice-5            	1	117.707339133498	157.382166177968	79.7071417916347
7	107341628	0.00907 	NM_000441.1:missense            	0	117.710648865335	157.386878675845	79.7093948879142
7	107342294	0.000814	NM_000441.1:missense            	0	117.711366638504	157.387900663337	79.7098835112037
7	107342333	0.000116	NM_000441.1:missense            	0	117.711408670267	157.387960509451	79.7099121242793
7	107342369	0.000116	NM_000441.1:missense            	0	117.711447468816	157.388015752018	79.709938536349
7	107342377	0.000233	NM_000441.1:missense            	0	117.711456091	157.388028028	79.7099444057
7	107342388	0.000116	NM_000441.1:missense            	0	117.711467946	157.388044908	79.7099524761
7	107342461	0.000116	NM_000441.1:missense            	0	117.711546621	157.388156927	79.7100060339
7	107342483	0.000349	NM_000441.1:missense            	1	117.711570330890	157.388190686814	79.7100221745697
7	107342485	0.000116	NM_000441.1:missense            	0	117.711572486365	157.388193755846	79.7100236419069
7	107350519	0.000116	NM_000441.1:missense            	0	117.720231029374	157.400522055404	79.7159179354626
7	107350527	0.000116	NM_000441.1:stop-gained         	0	117.720239651274	157.400534331530	79.7159238048114
7	107350528	0.000116	NM_000441.1:missense            	0	117.720240729	157.400535866	79.7159245385
7	107350599	0.000116	NM_000441.1:missense            	0	117.720317248373	157.400644816664	79.7159766289508
7	107350621	0.000116	NM_000441.1:missense            	0	117.720340959	157.400678576	79.7159927697
7	107350627	0.000116	NM_000441.1:missense            	0	117.720347425023	157.400687783105	79.7159971716717
7	107350628	0.000233	NM_000441.1:missense            	1	117.720348502760	157.400689317621	79.7159979053403
7	107353020	0.000121	NM_000441.1:coding              	0	117.722926451	157.404359879	79.7177528406
7	107353039	0.000116	NM_000441.1:missense            	0	117.722946927853	157.404389035101	79.7177667803419
7	107355874	0.002209	NM_000441.1:missense            	1	117.726002313642	157.408739387261	79.7198467308312
7	107355887	0.000116	NM_000441.1:missense            	0	117.726016324	157.408759336	79.7198562685
